{"cameraMode":{"drawMode":0,"name":"Shaded","section":"Shading Mode"},"sceneLighting":true,"audioPlay":false,"sceneViewState":{"showFog":false,"showMaterialUpdate":false,"showSkybox":false,"showFlares":false,"showImageEffects":false,"showParticleSystems":false},"in2DMode":false,"pivot":{"x":-12.545394897460938,"y":-1.5641123056411744,"z":1.4731614589691163},"rotation":{"x":-0.06514910608530045,"y":0.8615357875823975,"z":-0.11447139829397202,"w":-0.4903281629085541},"size":6.235957622528076,"orthographic":false}